<?xml version="1.0" encoding="utf-8"?>

<project name="JsUnit Compilation" default="create_distribution" basedir=".">

    <!--
     This build file is used by developers of JsUnit.  It is not packaged with the JsUnit binary distribution.
     -->

    <property name="source_core" location="java/source_core"/>
    <property name="source_server" location="java/source_server"/>
    <property name="source_aggregate" location="java/source_aggregate"/>
    <property name="source_services" location="java/source_services"/>
    <property name="tests_core" location="java/tests_core"/>
    <property name="tests_server" location="java/tests_server"/>
    <property name="tests_aggregate" location="java/tests_aggregate"/>

    <property name="bin" location="java/bin"/>
    <property name="lib" location="java/lib"/>
    <property name="testlib" location="java/testlib"/>

    <path id="classpath">
        <fileset dir="${lib}">
            <include name="*.jar"/>
            <include name="*/*.jar"/>
        </fileset>
        <fileset dir="${bin}">
            <include name="jsunit.jar"/>
        </fileset>
    </path>

    <target name="run_unit_tests" depends="clean,run_core_tests,run_server_tests,run_aggregate_tests"/>

    <target name="run_integration_tests_selenium_local">
        <ant target="selenium_test">
            <property name="seleniumConfigFilePath" value="./selenium.yml"/>
            <property name="seleniumEnvironment" value="local"/>
        </ant>
    </target>

    <target name="run_integration_tests_selenium_sauce">
        <ant target="selenium_test">
            <property name="seleniumConfigFilePath" value="./selenium.yml"/>
            <property name="seleniumEnvironment" value="saucelabs"/>
        </ant>
    </target>

    <path id="self_tests_classpath">
        <fileset dir="${lib}">
            <include name="*.jar"/>
            <include name="*/*.jar"/>
        </fileset>
        <fileset dir="${testlib}">
            <include name="*.jar"/>
        </fileset>
    </path>

    <path id="lib_classpath">
        <fileset dir="${lib}">
            <include name="*.jar"/>
            <include name="*/*.jar"/>
        </fileset>
    </path>

    <target name="run_core_tests" depends="compile_core_tests">
        <junit fork="yes" haltonfailure="false" forkmode="once" showoutput="yes" printsummary="withOutAndErr"
               failureproperty="junit_test_failed">
            <formatter type="plain" usefile="false"/>
            <classpath refid="self_tests_classpath"/>
            <classpath path="${bin}"/>
            <test name="net.jsunit.CoreUnitTestSuite"/>
        </junit>
        <fail if="junit_test_failed"/>
    </target>

    <target name="run_server_tests" depends="compile_server_tests">
        <junit fork="yes" haltonfailure="false" forkmode="once" showoutput="yes" printsummary="withOutAndErr"
               failureproperty="junit_test_failed">
            <formatter type="plain" usefile="false"/>
            <classpath refid="self_tests_classpath"/>
            <classpath path="${bin}"/>
            <test name="net.jsunit.ServerUnitTestSuite"/>
        </junit>
        <fail if="junit_test_failed"/>
    </target>

    <target name="run_aggregate_tests" depends="compile_aggregate_tests">
        <junit fork="yes" haltonfailure="false" forkmode="once" showoutput="yes" printsummary="withOutAndErr"
               failureproperty="junit_test_failed">
            <formatter type="plain" usefile="false"/>
            <classpath refid="self_tests_classpath"/>
            <classpath path="${bin}"/>
            <test name="net.jsunit.AggregateServerUnitTestSuite"/>
        </junit>
        <fail if="junit_test_failed"/>
    </target>

    <target name="clean">
        <delete file="jsunit.zip"/>
        <delete dir="${bin}/jsunit.jar"/>
        <delete dir="${bin}/jsunit_tests.jar"/>
        <delete dir="${bin}/net"/>
    </target>

    <target name="compile_source" depends="clean,compile_source_server,compile_source_aggregate"/>

    <target name="compile_tests_against_jar">
        <javac srcdir="${tests_core}" destdir="${bin}" debug="true">
            <classpath refid="self_tests_classpath"/>
            <classpath path="${bin}/jsunit.jar"/>
        </javac>
        <javac srcdir="${tests_server}" destdir="${bin}" debug="true">
            <classpath refid="self_tests_classpath"/>
            <classpath path="${bin}/jsunit.jar"/>
        </javac>
        <javac srcdir="${tests_aggregate}" destdir="${bin}" debug="true">
            <classpath refid="self_tests_classpath"/>
            <classpath path="${bin}/jsunit.jar"/>
        </javac>
    </target>

    <target name="compile_source_server" depends="compile_source_core">
        <javac srcdir="${source_server}" destdir="${bin}" debug="true">
            <classpath refid="lib_classpath"/>
            <classpath>
                <path location="${bin}"/>
            </classpath>
        </javac>
    </target>

    <target name="compile_source_aggregate" depends="compile_source_server">
        <javac srcdir="${source_aggregate}" destdir="${bin}" debug="true">
            <classpath refid="lib_classpath"/>
            <classpath>
                <path location="${bin}"/>
            </classpath>
        </javac>
    </target>

    <target name="compile_source_core">
        <javac srcdir="${source_core}" destdir="${bin}" debug="true">
            <classpath refid="lib_classpath"/>
        </javac>
    </target>

    <target name="compile_core_tests" depends="compile_source_core">
        <javac srcdir="${tests_core}" destdir="${bin}" debug="true">
            <classpath refid="self_tests_classpath"/>
        </javac>
    </target>

    <target name="compile_server_tests" depends="compile_source_server">
        <javac srcdir="${tests_server}" destdir="${bin}" debug="true">
            <classpath refid="self_tests_classpath"/>
            <classpath path="${bin}"/>
        </javac>
    </target>

    <target name="compile_aggregate_tests" depends="compile_source_aggregate">
        <javac srcdir="${tests_server}" destdir="${bin}" debug="true">
            <classpath refid="self_tests_classpath"/>
            <classpath path="${bin}"/>
        </javac>
        <javac srcdir="${tests_aggregate}" destdir="${bin}" debug="true">
            <classpath refid="self_tests_classpath"/>
            <classpath path="${bin}"/>
        </javac>
    </target>

    <target name="create_src_jar">
        <jar jarfile="./java/jsunit-source.jar">
            <fileset dir="${source_core}"/>
            <fileset dir="${source_server}"/>
        </jar>
    </target>

    <target name="generateJsUnitPropertiesSample" description="Generates the jsunit.properties.sample file">
        <xslt in="build.xml" out="jsunit.properties.sample" destdir="."
              style="tools/buildDotXmlToJsUnitDotProperties.xsl"></xslt>
    </target>

    <target name="make_jar" depends="compile_source">
        <jar jarfile="${bin}/jsunit.jar" basedir="${bin}" includes="net/**"/>
        <delete dir="${bin}/net"/>
    </target>

    <target name="make_tests_jar" depends="make_jar,compile_tests_against_jar">
        <jar jarfile="${bin}/jsunit_tests.jar" basedir="${bin}" includes="net/**"/>
        <delete dir="${bin}/net"/>
    </target>

    <target name="create_distribution" depends="clean,make_jar,create_zip"
            description="Creates the JsUnit distribution"/>

    <target name="create_zip">
        <zip destfile="jsunit.zip" filesonly="true">
            <zipfileset dir="." filemode="755" prefix="jsunit">
                <include name="bin/unix/*.sh"/>
                <include name="bin/mac/*.sh"/>
            </zipfileset>
            <zipfileset dir="." prefix="jsunit">
                <include name="**"/>
                <exclude name="bin/unix/*.sh"/>
                <exclude name="bin/mac/*.sh"/>
                <exclude name="**/.svn"/>
                <exclude name="**/*.java"/>
                <exclude name="uploaded/**"/>
                <exclude name="java/testlib/**"/>
                <exclude name="java/bin/jsunit_tests.jar"/>
                <exclude name="TEST-*.xml"/>
                <exclude name="**/*.class"/>
                <exclude name="logs/**"/>
                <exclude name="intellij/**"/>
                <exclude name="tools/**"/>
                <exclude name="build_compile.xml"/>
                <exclude name="JsUnit.ipr"/>
                <exclude name="JsUnit.iws"/>
                <exclude name="todo.txt"/>
                <exclude name="changelog.txt"/>
            </zipfileset>
        </zip>
    </target>

</project>